-- MySQL dump 10.13  Distrib 5.7.23, for Linux (x86_64)
--
-- Host: localhost    Database: avktechno
-- ------------------------------------------------------
-- Server version	5.7.23-0ubuntu0.16.04.1

/*!40101 SET @OLD_CHARACTER_SET_CLIENT=@@CHARACTER_SET_CLIENT */;
/*!40101 SET @OLD_CHARACTER_SET_RESULTS=@@CHARACTER_SET_RESULTS */;
/*!40101 SET @OLD_COLLATION_CONNECTION=@@COLLATION_CONNECTION */;
/*!40101 SET NAMES utf8 */;
/*!40103 SET @OLD_TIME_ZONE=@@TIME_ZONE */;
/*!40103 SET TIME_ZONE='+00:00' */;
/*!40014 SET @OLD_UNIQUE_CHECKS=@@UNIQUE_CHECKS, UNIQUE_CHECKS=0 */;
/*!40014 SET @OLD_FOREIGN_KEY_CHECKS=@@FOREIGN_KEY_CHECKS, FOREIGN_KEY_CHECKS=0 */;
/*!40101 SET @OLD_SQL_MODE=@@SQL_MODE, SQL_MODE='NO_AUTO_VALUE_ON_ZERO' */;
/*!40111 SET @OLD_SQL_NOTES=@@SQL_NOTES, SQL_NOTES=0 */;

--
-- Table structure for table `brands`
--

DROP TABLE IF EXISTS `brands`;
/*!40101 SET @saved_cs_client     = @@character_set_client */;
/*!40101 SET character_set_client = utf8 */;
CREATE TABLE `brands` (
  `id` int(11) NOT NULL AUTO_INCREMENT,
  `name` varchar(255) COLLATE utf8mb4_unicode_ci NOT NULL,
  `imgUrl` varchar(1234) COLLATE utf8mb4_unicode_ci DEFAULT 'http://localhost:4251/placeholder.jpg',
  `createdAt` datetime NOT NULL,
  `updatedAt` datetime NOT NULL,
  PRIMARY KEY (`id`),
  UNIQUE KEY `name` (`name`),
  UNIQUE KEY `brands_name_unique` (`name`)
) ENGINE=InnoDB AUTO_INCREMENT=11 DEFAULT CHARSET=utf8mb4 COLLATE=utf8mb4_unicode_ci;
/*!40101 SET character_set_client = @saved_cs_client */;

--
-- Dumping data for table `brands`
--

LOCK TABLES `brands` WRITE;
/*!40000 ALTER TABLE `brands` DISABLE KEYS */;
INSERT INTO `brands` VALUES (2,'Baroid','http://90.156.157.222:4253/baroid_logo.png','2018-02-02 01:04:18','2018-02-02 01:04:18'),(7,'Vermeer','http://90.156.157.222:4253/vermeer.jpg','2018-02-10 21:41:04','2018-02-10 21:41:04'),(9,'Teboil','http://90.156.157.222:4253/teboil.png','2018-02-10 21:57:10','2018-02-10 21:57:10'),(10,'Ditch Witch','http://90.156.157.222:4253/ditch_witch.jpg','2018-02-11 14:20:49','2018-02-11 14:20:49');
/*!40000 ALTER TABLE `brands` ENABLE KEYS */;
UNLOCK TABLES;

--
-- Table structure for table `categories`
--

DROP TABLE IF EXISTS `categories`;
/*!40101 SET @saved_cs_client     = @@character_set_client */;
/*!40101 SET character_set_client = utf8 */;
CREATE TABLE `categories` (
  `id` int(11) NOT NULL AUTO_INCREMENT,
  `name` varchar(255) COLLATE utf8mb4_unicode_ci NOT NULL,
  `depth` int(11) NOT NULL DEFAULT '1',
  `createdAt` datetime NOT NULL,
  `updatedAt` datetime NOT NULL,
  `categoryId` int(11) DEFAULT NULL,
  PRIMARY KEY (`id`),
  UNIQUE KEY `name` (`name`),
  UNIQUE KEY `categories_name_unique` (`name`),
  KEY `categoryId` (`categoryId`),
  CONSTRAINT `categories_ibfk_1` FOREIGN KEY (`categoryId`) REFERENCES `categories` (`id`) ON DELETE SET NULL ON UPDATE CASCADE
) ENGINE=InnoDB AUTO_INCREMENT=39 DEFAULT CHARSET=utf8mb4 COLLATE=utf8mb4_unicode_ci;
/*!40101 SET character_set_client = @saved_cs_client */;

--
-- Dumping data for table `categories`
--

LOCK TABLES `categories` WRITE;
/*!40000 ALTER TABLE `categories` DISABLE KEYS */;
INSERT INTO `categories` VALUES (3,'Бентониты',1,'2018-02-02 01:06:32','2018-02-02 01:06:32',NULL),(4,'Полимеры',1,'2018-02-02 01:06:42','2018-02-02 01:06:42',NULL),(10,'Смазка и Масла',1,'2018-02-10 21:41:35','2018-02-13 13:25:46',NULL),(11,'Услуги по строительству',1,'2018-02-10 21:52:53','2018-02-10 21:52:53',NULL),(12,'Прокладка коммуникаций методом ГНБ',2,'2018-02-10 21:53:12','2018-02-10 21:54:05',11),(13,'Копка котлованов',2,'2018-02-10 21:53:22','2018-02-10 21:53:49',11),(14,'Благоустройство территории',2,'2018-02-10 21:53:41','2018-02-10 21:53:41',11),(15,'Запчасти к буровым установкам VERMEER',1,'2018-02-10 21:55:30','2018-02-12 13:12:10',NULL),(20,'VERMEER ГНБ D7x11 Series II',2,'2018-02-12 13:19:06','2018-02-12 13:19:06',15),(21,'VERMEER ГНБ D10x15',2,'2018-02-12 13:20:39','2018-02-12 13:20:39',15),(22,'VERMEER ГНБ D16x20 Series II',2,'2018-02-12 13:21:21','2018-02-12 13:21:21',15),(23,'VERMEER ГНБ D18x22 Series II',2,'2018-02-12 13:21:55','2018-02-12 13:21:55',15),(24,'VERMEER ГНБ D20x22 Series II',2,'2018-02-12 13:22:35','2018-02-12 13:22:35',15),(25,'VERMEER ГНБ D24x40 Series II (serial no. 101-)',2,'2018-02-12 13:23:38','2018-02-12 13:23:38',15),(26,'VERMEER ГНБ D33x44',2,'2018-02-12 13:24:47','2018-02-12 13:24:48',15),(27,'VERMEER ГНБ D36x50 Series II',2,'2018-02-12 13:30:00','2018-02-12 13:30:00',15),(28,'VERMEER ГНБ D50x100',2,'2018-02-12 13:30:57','2018-02-12 13:30:57',15),(30,'VERMEER ГНБ D55x100',2,'2018-02-12 13:31:22','2018-02-12 13:31:22',15),(31,'VERMEER ГНБ D80x100 Series II',2,'2018-02-12 13:32:11','2018-02-12 13:32:11',15),(32,'VERMEER ГНБ D100x120 Series II',2,'2018-02-12 13:33:04','2018-02-12 13:33:04',15),(33,'VERMEER ГНБ D6x6',2,'2018-02-20 07:54:43','2018-02-20 07:54:43',15),(34,'VERMEER ГНБ D7x11A',2,'2018-02-20 07:58:57','2018-02-20 07:58:57',15),(35,'VERMEER ГНБ D300x500',2,'2018-02-20 09:02:55','2018-02-20 09:02:55',15),(36,'VERMEER ГНБ D24x40A',2,'2018-02-20 13:46:09','2018-02-20 13:46:09',15),(37,'Кормовой бентонит',1,'2018-07-07 05:36:15','2018-07-07 05:36:15',NULL),(38,'Удобрения для сельского хозяйства',1,'2018-07-07 05:36:27','2018-07-07 05:36:41',NULL);
/*!40000 ALTER TABLE `categories` ENABLE KEYS */;
UNLOCK TABLES;

--
-- Table structure for table `products`
--

DROP TABLE IF EXISTS `products`;
/*!40101 SET @saved_cs_client     = @@character_set_client */;
/*!40101 SET character_set_client = utf8 */;
CREATE TABLE `products` (
  `id` int(11) NOT NULL AUTO_INCREMENT,
  `name` varchar(255) COLLATE utf8mb4_unicode_ci NOT NULL,
  `identificator` varchar(255) COLLATE utf8mb4_unicode_ci NOT NULL,
  `title` blob,
  `description` blob,
  `descriptionShort` blob,
  `footer` blob,
  `amount` bigint(20) DEFAULT NULL,
  `price` bigint(20) DEFAULT NULL,
  `currency` varchar(255) COLLATE utf8mb4_unicode_ci DEFAULT '₽',
  `imgUrl` varchar(1234) COLLATE utf8mb4_unicode_ci DEFAULT 'http://localhost:4251/placeholder.jpg',
  `features` blob,
  `charachteristics` blob,
  `createdAt` datetime NOT NULL,
  `updatedAt` datetime NOT NULL,
  `categoryId` int(11) DEFAULT NULL,
  `brandId` int(11) DEFAULT NULL,
  PRIMARY KEY (`id`),
  UNIQUE KEY `identificator` (`identificator`),
  UNIQUE KEY `products_identificator_unique` (`identificator`),
  KEY `categoryId` (`categoryId`),
  KEY `brandId` (`brandId`),
  CONSTRAINT `products_ibfk_1` FOREIGN KEY (`categoryId`) REFERENCES `categories` (`id`) ON DELETE SET NULL ON UPDATE CASCADE,
  CONSTRAINT `products_ibfk_2` FOREIGN KEY (`brandId`) REFERENCES `brands` (`id`) ON DELETE SET NULL ON UPDATE CASCADE
) ENGINE=InnoDB AUTO_INCREMENT=226 DEFAULT CHARSET=utf8mb4 COLLATE=utf8mb4_unicode_ci;
/*!40101 SET character_set_client = @saved_cs_client */;

--
-- Dumping data for table `products`
--

LOCK TABLES `products` WRITE;
/*!40000 ALTER TABLE `products` DISABLE KEYS */;
INSERT INTO `products` VALUES (13,'Tunnel gel +','1','',_binary 'Загуститель TUNNEL-GEL® PLUS является специальной смесью воскокачественного бентонита, разработанный специально для использования в туннелировании и ГНБ больших диаметров.\r\n<br>\r\n<br>\r\nЗагуститель   TUNNEL-GEL PLUS обеспечивает быстрое развитие вязкости, и поддержание стабильности стенок бурового канала, а также эффективно снижает фильтрацию бурового раствора в грунт.',_binary 'Загуститель TUNNEL-GEL® PLUS является специальной смесью воскокачественного бентонита, разработанный специально для использования в туннелировании и ГНБ больших диаметров.',_binary 'Упаковка TUNNEL-GEL PLUS отBaroid___footer-title___TUNNEL-GEL PLUS поставляется в многослойных мешках массой 25 кг.(55.1 фунт).',120,700,'EUR','http://90.156.157.222:4253/tunnel-gel-plus.png',_binary 'Применение и назначение___feature-title___Применение и назначениеПрименение и назначениеПрименение и назначениеПрименение и назначениеПрименение и назначениеУвеличение вязкости в пресной воде___feature-item___Эффективный вынос грунта и отличные свойства суспензии раствора___feature-item___Контроль фильтрации раствора в грунт и как следствие стабильность  бурового канала___feature-item___Эффективную смазывающую способность бурового раствора в операциях микротуннелирования___feature___Преимущества TUNNEL-GEL PLUS отBaroid___feature-title___Преимущества TUNNEL-GEL PLUS отBaroidПреимущества TUNNEL-GEL PLUS отBaroidПреимущества TUNNEL-GEL PLUS отBaroidПреимущества TUNNEL-GEL PLUS отBaroidПреимущества TUNNEL-GEL PLUS отBaroidЛегко замешивается и быстро достигается максимум вязкости___feature-item___Повышает смазывающую способность раствора для снижения необходимого тягового усилия___feature-item___Приготовление более чем в 2 раза больше бурового раствора аналогичной вязкости, при той же концентрации, по сравнению с бентонитами стандарта API.',_binary 'Типичные свойства TUNNEL-GEL PLUS___charachteristics-title___Внешний вид___charachteristics-kv___Пудра желтого или коричневого цвета___charachteristics-item___Плотность, г/см3___charachteristics-kv___ 2.6___charachteristics-item___pH (3% Раствор)___charachteristics-kv___10.4','2018-02-02 15:30:11','2018-02-13 12:48:23',3,2),(15,'QUIK-GEL','3','',_binary 'Высокодисперсный загуститель QUIK-GEL GOLD™ представляет собой специально отобранный бентонит премиум класса, предназначенный для использования в строительстве водозаборных скважин, разведке полезных ископаемых и других видов промышленного бурения.\r\n<br>\r\n<br>\r\nЗагуститель QUIK-GEL GOLD обладает оптимальным размером частиц, что обеспечивает его легкое замешивание и быструю гидратацию. Повышенные вязкостные характеристики, улучшенные фильтрационные свойства делают QUIK-GEL GOLD новым эталоном качества на рынке промышленного бурения.',_binary 'Высокодисперсный загуститель QUIK-GEL GOLD™ представляет собой специально отобранный бентонит премиум класса, предназначенный для использования в строительстве водозаборных скважин, разведке полезных ископаемых и других видов промышленного бурения.',_binary 'Упаковка QUIK-GEL ___footer-title___Высокодисперсный загуститель QUIK-GEL GOLD™ поставляется в многослойных бумажных мешках массой 50 фунтов (22,7 кг).',431,870,'EUR','http://90.156.157.222:4253/Q-GEL-DSCF9259_lr.jpg',_binary 'Применение и назначение___feature-title___Применение и назначениеПрименение и назначениеПрименение и назначениеПрименение и назначениеПрименение и назначениеПрименение и назначениеПрименение и назначениеПрименение и назначениеПрименение и назначениеПрименение и назначениеПрименение и назначениеПрименение и назначениеПрименение и назначениеУвеличивает вязкость буровых растворов на основе пресной воды.___feature-item___При смешивании с пресной водой образует буровые растворы с низким содержанием твердой фазы, используемые при обычном бурении.___feature-item___Уменьшает водоотдачу за счет образования тонкой малопроницаемой фильтрационной корки.___feature-item___Улучшает промывочные свойства буровых растворов.___feature-item___При смешивании с пенообразующими добавками образует гелевые / пенные буровые растворы, используемые при бурении с очисткой забоя воздухом и пеной.___feature___Преимущества___feature-title___ПреимуществаПреимуществаПреимуществаПреимуществаПреимуществаПреимуществаПреимуществаПреимуществаПреимуществаПреимуществаПреимуществаПреимуществаПреимуществаСертифицирован по Стандарту 60 Национального фонда санитарной защиты (NSF) и Американского национального института стандартов (ANSI).___feature-item___Прост в использовании и экономически эффективен.___feature-item___Оптимизированный размер частиц для более легкого замешивания и достижения высокой вязкости.___feature-item___Образует более чем в два раза больше по массе бурового раствора той же вязкости по сравнению с бентонитами стандарта АНИ.',_binary 'Типичные свойства___charachteristics-title___Внешний вид___charachteristics-kv___Порошок различного цвета (от серого до желто-коричневого)___charachteristics-item___Объемная плотность, фунт/фут3___charachteristics-kv___69 - 74 (прессованный)___charachteristics-item___pH (3% раствор)___charachteristics-kv___8,9','2018-02-02 15:49:19','2018-02-13 12:48:45',3,2),(16,'DIAMOND SEAL','4123','',_binary 'Материал DIAMOND SEAL® (Baroid) представляет собой разбухающий, но нерастворимый в воде чистый кристаллический синтетический полимер. \r\n<br>\r\n<br>\r\nВ воде способность материала DIAMOND SEAL (бароид) к абсорбции в сотни раз превышает его собственную массу. Он предназначен, главным образом, для борьбы с потерей циркуляции при горизонтально-направленном бурении.',_binary 'Материал DIAMOND SEAL® (Baroid) представляет собой разбухающий, но нерастворимый в воде чистый кристаллический синтетический полимер. \r\n',_binary 'Упаковка Baroid DIAMOND SEAL___footer-title___Материал DIAMOND SEAL® упаковывается в закрывающиеся пластмассовые контейнеры массой 10 фунтов (4,5 кг).',600,270,'EUR','http://90.156.157.222:4253/diamond-seal.png',_binary 'Применение и назначение Baroid DIAMOND SEAL___feature-title___Применение и назначение Baroid DIAMOND SEALПрименение и назначение Baroid DIAMOND SEALПрименение и назначение Baroid DIAMOND SEALПрименение и назначение Baroid DIAMOND SEALМатериал для борьбы с потерей циркуляции при горизонтально-направленном бурении___feature-item___Предотвращает нежелательный выход бурового раствора на поверхность при строительстве переходов через водные преграды___feature-item___Стабилизирует ствол скважины в галечных и гравийных породах___feature-item___Обеспечивает устойчивость несцементированных пластов___feature___Преимущества Baroid DIAMOND SEAL___feature-title___Преимущества Baroid DIAMOND SEALПреимущества Baroid DIAMOND SEALПреимущества Baroid DIAMOND SEALПреимущества Baroid DIAMOND SEALБыстрая абсорбция воды___feature-item___Эффективен при уменьшении потери циркуляции___feature-item___Экономичен – для получения большого объема достаточно небольшое количество материала___feature-item___Прост в использовании___feature-item___DIAMOND SEAL (Бароид) не ферментируется',_binary 'Типичные свойства Baroid DIAMOND SEAL___charachteristics-title___Внешний вид___charachteristics-kv___сыпучие кристаллы серо-белого цвета___charachteristics-item___Относительная плотность___charachteristics-kv___0,75 96% материала имеет калибр 5 меш___charachteristics-item___Сухой ситовый анализ___charachteristics-kv___(4,0 мм)___charachteristics-item___Способность к разбуханию в пресной воде___charachteristics-kv___3,5 фут.3/фунт. (0,22 м3/кг)','2018-02-02 15:53:43','2018-02-12 12:36:41',4,2),(17,'EZ-MUD','42624','',_binary 'Представляет собой жидкую анионовую полимерную эмульсию, преднозначенную для сгущения смеси не содержащей твердых частичек и обладающей свойствами по укреплению стенок канала .Объем:25 литров',_binary 'Представляет собой жидкую анионовую полимерную эмульсию, преднозначенную для сгущения смеси не содержащей твердых частичек и обладающей свойствами по укреплению стенок канала .Объем:25 литров',_binary '___footer-title___',245,120,'EUR','http://90.156.157.222:4253/ez-mud.png',_binary 'Характеристики:___feature-title___Характеристики:Характеристики:Характеристики:Стабилизация пластов химически активных глин и глинистых пород___feature-item___Улучшение устойчивости стенок ствола скважины и места ведения земляных работ___feature-item___Улучшение реологических характеристики суспензии___feature-item___Уменьшение проблем с образованием глинистой корки в отдельных интервалах, налипанием породы на долото и отслоением породы в глинистых пластах___feature-item___Уменьшение крутящего момента бурильной колонны и давления закачивания___feature-item___Минимизация вибрации штанги при алмазном колонковом бурении___feature-item___Создание жесткой пены и поддержание ее стабильности___feature-item___Флокуляция химически неактивной твердой фазы в запасном резервуаре при низких концентрациях___feature___Преимущества:___feature-title___Преимущества:Преимущества:Преимущества:Легко смешивается с пресной водой при минимальном сдвиге___feature-item___Эффективный стабилизатор глин / сланцев и загуститель___feature-item___Не ферментируется___feature-item___Экономическая эффективность - небольшие количества позволяют добиться желаемых результатов___feature-item___Разрушается химическим способом при добавлении отбеливателя (гипохлорита натрия)___feature-item___ Сертифицирован в соответствии со стандартами NSF/ANSI 60','','2018-02-02 15:57:32','2018-02-12 12:37:26',4,2),(18,'EZ-MUD GOLD','4562','',_binary 'Стабилизатор глин и глинистых сланцев EZ-MUD GOLDобеспечивает ингибирование набухания частиц глины в буровых растворах на водной основе без значительного увеличения их вязкости.\r\n<br>\r\n<br>\r\nДобавление стабилизатора EZ-MUD GOLD к цементным растворам QUIK-GEL® или Baroid BORE-GEL® приводит к образованию ингибированных систем при сохранении эффективности их свойств и возможности их регулирования. Благодаря особой гранулированной структуре стабилизатор EZ-MUD GOLD замешивается с минимальными усилиями сдвига, исключая тем самым необходимость использования жидких эмульсий.',_binary 'Стабилизатор глин и глинистых сланцев EZ-MUD GOLDобеспечивает ингибирование набухания частиц глины в буровых растворах на водной основе без значительного увеличения их вязкости.',_binary 'Упаковка EZ-MUD GOLD (Baroid)___footer-title___Стабилизатор BAROID EZ-MUD GOLD поставляется в пластиковых емкостях массой 10 фунтов (4,54 кг) и 40 фунтов (18,1 кг) с герметичными резьбовыми крышками.',341,100,'EUR','http://90.156.157.222:4253/ez-mud-gold.png',_binary ' Применение и назначение Baroid EZ-MUD GOLD___feature-title___ Применение и назначение Baroid EZ-MUD GOLD Применение и назначение Baroid EZ-MUD GOLD Применение и назначение Baroid EZ-MUD GOLD Применение и назначение Baroid EZ-MUD GOLD Улучшает реологические свойства буровых растворов с низким содержанием твердой фазы.___feature-item___Обеспечивает стабилизацию глин и глинистых сланцев, предотвращая их набухание и / или диспергирование.___feature-item___Обеспечивает устойчивость ствола скважины в гидрофильных породах.___feature-item___Снижает крутящий момент и давление циркуляции.___feature-item___Повышает эффективность пеновоздушных систем очистки забоя.___feature-item___Способствует увеличению выноса керна при сплошном отборе съемным керноприемником.___feature___Преимущества полимера для бурения Baroid EZ-MUD GOLD___feature-title___Преимущества полимера для бурения Baroid EZ-MUD GOLDПреимущества полимера для бурения Baroid EZ-MUD GOLDПреимущества полимера для бурения Baroid EZ-MUD GOLDПреимущества полимера для бурения Baroid EZ-MUD GOLDСертифицирован по Стандарту 60 Национального фонда санитарной защиты (NSF) и Американского национального института стандартов (ANSI).___feature-item___  Благодаря особой физической структуре материал легко диспергирует и замешивается с минимальными усилиями сдвига.___feature-item___Можно использовать в повышенных концентрациях для достижения нужной степени ингибирования без существенного увеличения вязкости.___feature-item___Отсутствует нефтяной дистиллят.___feature-item___Разрушается химическим способом при помощи хлорки гипохлорита натрия).___feature-item___Совместим с другими добавками для буровых растворов компании «Бароид» (Baroid IDP) при добавлении в надлежащей последовательности___feature-item___Не дает брожения.',_binary 'Характеристики Baroid EZ-MUD GOLD___charachteristics-title___Внешний вид___charachteristics-kv___Белые сыпучие гранулы___charachteristics-item___Объемная плотность, фунт/фут3___charachteristics-kv___52___charachteristics-item___pH (1% водный раствор)___charachteristics-kv___7,75','2018-02-02 16:01:45','2018-08-15 14:36:10',4,2),(19,'FUSE-IT','7613','',_binary 'FUSE-IT - быстродействующий синтетический полимерный закупоривающий материал от компании BAROID для борьбы с поглощением бурового раствора. \r\n<br>\r\n<br>\r\nПомогает ликвидировать зоны даже самого сильного поглощения бурового раствора всего за 30 минут, что позволяет оператору вернуться к нормальному ведению бурения.',_binary 'FUSE-IT - быстродействующий синтетический полимерный закупоривающий материал от компании BAROID для борьбы с поглощением бурового раствора. ',_binary 'Упаковка FUSE-IT от компании___footer-title___Материал FUSE-IT упаковывается в повторно закупориваемые пластиковые контейнеры объемом 5 галлонов (18,9 л).',43143,0,'EUR','http://90.156.157.222:4253/fuse-it.png',_binary 'Применение и назначение FUSE-IT ___feature-title___Применение и назначение FUSE-IT Применение и назначение FUSE-IT Применение и назначение FUSE-IT Материал для борьбы с поглощением бурового раствора при бурении вертикальных и горизонтальных скважин(ГНБ)___feature-item___Пригоден для использования в трещиноватых и кавернозных пластах___feature-item___Эффективный материал для борьбы с поглощением при использовании в условиях содержания песка, гальки и камней___feature-item___Обеспечивает устойчивость несцементированных пластов___feature___Преимущества FUSE-IT___feature-title___Преимущества FUSE-ITПреимущества FUSE-ITПреимущества FUSE-ITБыстрая реакция при контакте с водой___feature-item___Позволяет быстро принимать меры в случае поглощения бурового раствора___feature-item___Прост в использовании___feature-item___Не ферментируется___feature-item___Устойчив к воздействию температур___feature-item___Совместимость с другими буровыми растворами, бентонитами, бентонитами для ГНБ, полимерами компании «Бароид»',_binary 'Типичные свойства FUSE-IT___charachteristics-title___Внешний вид___charachteristics-kv___Молочно-белая жидкость___charachteristics-item___Относительная плотность___charachteristics-kv___1,25___charachteristics-item___Температура вспышки, °F (°C)___charachteristics-kv___>212°F, (>100°C)','2018-02-02 16:05:28','2018-02-12 12:48:01',4,2),(20,'PENETROL','4254245','',_binary 'PENETROL представляет собой водорастворимое неионное смачивающее ПАВ, предназначенное для предупреждения налипания глины на бурильный инструмент.',_binary 'PENETROL представляет собой водорастворимое неионное смачивающее ПАВ, предназначенное для предупреждения налипания глины на бурильный инструмент.',_binary 'Упаковка PENETROL ___footer-title___PENETROL поставляется в пластиковых емкостях объемом 5 галлонов (19 литров).',314314,0,'EUR','http://90.156.157.222:4253/penetrol.png',_binary 'Применение и назначение PENETROL___feature-title___Применение и назначение PENETROLПрименение и назначение PENETROLПрименение и назначение PENETROLУменьшение или устранение сальникообразования___feature-item___Уменьшение поверхностного натяжения бурового раствора, за счет чего обеспечивается более быстрое удаление частиц твердой глинистой породы без ее вторичного перемалывания долотом(бурильного инструмента)___feature-item___Повышение эффективности бурения за счет предпочтительного смачивания агентом поверхности забойной компоновки и бурильной колонны___feature-item___Снижение вероятности дифференциального прихвата бурильной колонны___feature-item___Увеличение срока службы долот, снижение износа бурильных труб и забойной компоновки___feature___Преимущества PENETROL___feature-title___Преимущества PENETROLПреимущества PENETROLПреимущества PENETROLЛегко смешивается___feature-item___Эффективен даже в низких концентрациях___feature-item___Совместим с другими добавками для буровых растворов компании \"Бароид\"___feature-item___Поддается биологическому разложению___feature-item___Сертифицирован по Стандарту 60 Национального фонда санитарной защиты (NSF) и Американского национального института стандартов (ANSI)___feature___Рекомендации по применению PENETROL  при обработке всего раствора в циркуляционной системе___feature-title___Рекомендации по применению PENETROL  при обработке всего раствора в циркуляционной системеРекомендации по применению PENETROL  при обработке всего раствора в циркуляционной системеРекомендации по применению PENETROL  при обработке всего раствора в циркуляционной системе1 - 4 кварты смачивающего агента PENETROL на 100 галлонов бурового раствора___feature-item___ 2,5 - 10 литров смачивающего агента PENETROL на 1 м3 бурового раствора___feature___Рекомендации по применению PENETROL при закачке в бурильные трубы для предупреждения налипания глины___feature-title___Рекомендации по применению PENETROL при закачке в бурильные трубы для предупреждения налипания глиныРекомендации по применению PENETROL при закачке в бурильные трубы для предупреждения налипания глиныРекомендации по применению PENETROL при закачке в бурильные трубы для предупреждения налипания глины1 - 2 кварты смачивающего агента PENETROL на 1 бурильную трубу___feature-item___1 - 2 литра смачивающего агента PENETROL на 1 бурильную трубу___feature___Альтернативный способ применения___feature-title___Альтернативный способ примененияАльтернативный способ примененияАльтернативный способ примененияРастворить 1 галлон смачивающего агента PENETROL в 10 галлонах воды и подавать на вход насоса с расходом 1 галлон смеси в минуту___feature-item___Растворить 3,8 литра смачивающего агента PENETROL в 38 литрах воды и подавать на вход насоса с расходом 3,8 литра смеси в минуту',_binary 'Типичные свойства PENETROL___charachteristics-title___Внешний вид___charachteristics-kv___Травянисто-зеленый цвет___charachteristics-item___Относительная плотность___charachteristics-kv___0,98___charachteristics-item___pH (1%) раствор___charachteristics-kv___9,5___charachteristics-item___Температура воспламенения, °F, °C___charachteristics-kv___>300, (149)','2018-02-02 16:12:10','2018-02-12 12:48:25',4,2),(23,'CON DET','1431331','',_binary 'Материал CON DET компании Baroid представляет собой фирменную смесь анионных поверхностно-активных веществ, предназначенную для применения в качестве смачивающего агента в растворах на пресной и соленой воде, а также с низким содержанием твердых веществ.',_binary 'Материал CON DET компании Baroid представляет собой фирменную смесь анионных поверхностно-активных веществ, предназначенную для применения в качестве смачивающего агента в растворах на пресной и соленой воде, а также с низким содержанием твердых веществ.',_binary ' Упаковка Baroid CON DET___footer-title___Материал CON DET® (Бароид) упаковывается в пластмассовые контейнеры по 5 галлонов (19 л).',134134,0,'EUR','http://90.156.157.222:4253/con-det.png',_binary 'Применение и назначение Baroid CON DET___feature-title___Применение и назначение Baroid CON DETПрименение и назначение Baroid CON DETПрименение и назначение Baroid CON DETОчистка бурового долота___feature-item___Медленное разрушение бурового шлама в межтрубном пространстве при его откачке на поверхность___feature-item___ Снижение способности глин к прилипанию, уменьшение налипания шлама, скругливания долота, закупорки и образования глинистых корок___feature-item___Способствует оседанию бурового шлама на поверхности в системах промывки скважин с низким содержание твердых веществ ___feature___Преимущества Baroid CON DET___feature-title___Преимущества Baroid CON DETПреимущества Baroid CON DETПреимущества Baroid CON DETЭффективен в низких концентрациях___feature-item___Легко перемешивается с водой___feature-item___Биоразлагаемый___feature-item___Совместим с другими материалами компании «Бароид»',_binary 'Типичные свойства Baroid CON DET___charachteristics-title___Внешний вид___charachteristics-kv___Прозрачная жидкость красного цвета___charachteristics-item___Относительная плотность___charachteristics-kv___1,03___charachteristics-item___pH (1% раствор)___charachteristics-kv___8,9___charachteristics-item___Температура вспышки в закрытом тигле, °F (°C)___charachteristics-kv___210 (99)___charachteristics-item___Температура застывания, °F (°C)___charachteristics-kv___28 (-2.2)','2018-02-02 16:24:41','2018-02-12 12:49:07',4,2),(24,'QUIK-TROL GOLD','124413513','',_binary 'QUIK-TROL® GOLD от компании Baroid - высокодисперсионный полианионный целлюлозный полимер для горизонтально-направленного бурения в мелком песке, который обеспечивает легкое смешивание и повышенный контроль за фильтрацией большинства бурильных жидкостей на водной основе.',_binary 'QUIK-TROL® GOLD от компании Baroid - высокодисперсионный полианионный целлюлозный полимер для горизонтально-направленного бурения в мелком песке, который обеспечивает легкое смешивание и повышенный контроль за фильтрацией большинства бурильных жидкостей на водной основе.',_binary 'Упаковка QUIK-TROL GOLD от Baroid___footer-title___Полимер QUIK-TROL GOLD упаковывается в пластиковые банки по 20 фунтов (9,07 кг), в которых содержится 1 герметичный пластиковый мешок.',314314,125,'EUR','http://90.156.157.222:4253/quik-trol-gold.png',_binary 'Применение и назначение Baroid QUIK-TROL___feature-title___Применение и назначение Baroid QUIK-TROLПрименение и назначение Baroid QUIK-TROLПрименение и назначение Baroid QUIK-TROLПрименение и назначение Baroid QUIK-TROLЭффективная дисперсия и гидрация при низкой скорости сдвига___feature-item___Контроль за фильтрацией для бурильных жидкостей на водной основе___feature-item___  Устойчивость ствола скважины в водовосприимчивых пластах___feature-item___Минимизация крутящего момента и циркуляционного давления___feature-item___Лучшая очистка ствола скважины и извлечение керна___feature-item___Улучшение свойств пенного раствора для легкого выноса шлама при пневматическом бурении/бурении с применением пенного раствора.___feature___Преимущества QUIK-TROL___feature-title___Преимущества QUIK-TROLПреимущества QUIK-TROLПреимущества QUIK-TROLПреимущества QUIK-TROLЭффективное применение для бурильных жидкостей на основе пресной, соленой или солоноватой воды;___feature-item___Отсутствие ферментации;___feature-item___Сертификация в соответствии со стандартом NSF/ANSI 60;___feature-item___Совместимость с другими присадками для бурильных жидкостей Baroid IDP',_binary 'Типичные свойства QUIK-TROL___charachteristics-title___Внешний вид___charachteristics-kv___Беловатый гранулированный порошок___charachteristics-item___pH (1% раствор)___charachteristics-kv___6.0 - 8.0','2018-02-02 16:27:50','2018-08-15 14:36:54',4,2),(25,'QUIK-TROL','413413','',_binary 'Полимер для понижения фильтрации при использовании с большинством буровых растворов на водной основе. Вес: 9 кг (10 пакетов)',_binary 'Полимер для понижения фильтрации при использовании с большинством буровых растворов на водной основе. Вес: 9 кг (10 пакетов)',_binary '___footer-title___',3411,120,'EUR','http://90.156.157.222:4253/quik-trol.png',_binary 'Характеристики:___feature-title___Характеристики:Характеристики:Характеристики:Характеристики:Борьба с фильтрацией при использовании буровых растворов на основе пресной и слабоминерализованной воды___feature-item___Обеспечение устойчивости ствола скважины в пластах, сложенных гидрофильными породами___feature-item___Сведение к минимуму крутящего момента и давления циркуляции___feature-item___Улучшение очистки ствола скважины и извлечения керна___feature-item___Повышение плотности пены для улучшения выноса шлама при бурении с продувкой воздухом и использованием пены___feature-item___Уменьшает требуемую подачу воздуха, скорость движения в верхней части скважины и давление в кольцевом пространстве при бурении с продувкой воздухом и использованием пены.___feature___Преимущества:___feature-title___Преимущества:Преимущества:Преимущества:Преимущества:Сертифицирован в соответствии со стандартами NSF/ANSI 60___feature-item___Эффективен в буровых растворах на основе пресной, соленой и\nслабоминерализованной воды___feature-item___Эффективен в малых количествах для борьбы с фильтрацией___feature-item___Не ферментируется___feature-item___Совместимость с другими добавками компании «Бароид» для буровых растворов___feature-item___Устойчив к жестким условиям окружающей среды и к загрязнениям','','2018-02-02 16:30:37','2018-08-15 14:40:34',4,2),(26,'QUIK-TROL LV','31431413134','',_binary 'QUIK-TROL® GOLD LV является легко распускаемой в воде добавкой, которая, не увеличивая вязкость, эффективно снижает водоотдачу в буровых растворах на водной основе. QUIK-TROL GOLD LV, представляет собой высокодисперсный полимер, который при добавлении к раствору AQUAGEL®, QUIK-GEL® или BORE-GEL®, образует жидкую буровую систему с низкой фильтрацией, пригодную для бурения в формациях, чувствительных к воде.',_binary 'QUIK-TROL® GOLD LV является легко распускаемой в воде добавкой, которая, не увеличивая вязкость, эффективно снижает водоотдачу в буровых растворах на водной основе. QUIK-TROL GOLD LV, представляет собой высокодисперсный полимер, который при добавлении к раствору AQUAGEL®, QUIK-GEL® или BORE-GEL®, образует жидкую буровую систему с низкой фильтрацией, пригодную для бурения в формациях, чувствительных к воде.',_binary 'Упаковка___footer-title___Высокодисперсная низковязкая добавка QUIK-TROL GOLD LV для контроля фильтрации упаковывается в 40-фунтовые ведра (18.2 кг) и в 20-фунтовые (9.1 кг) ведра с расфасовкой в 10-ти пластиковых пакетах по 2 фунта (0.91 кг). QUIK-TROL GOLD LV также выпускается в 50-фунтовых (22.7 кг) многослойных бумажных мешках.',1431,115,'EUR','http://90.156.157.222:4253/quik-troll-gold-lv.png',_binary 'Применение и назначение___feature-title___Применение и назначениеПрименение и назначениеПрименение и назначениеПрименение и назначениеРегулирование фильтрации буровых растворов на пресной и морской воде___feature-item___Снижение водоотдачи без значительного увеличения вязкости___feature-item___Стабилизация стенок скважины в водочувствительных породах/грунтах___feature-item___Стабилизация частиц глины и сланцев, предотвращение их набухания и разрушения___feature-item___Снижает вибрацию бурильной колонны, крутящий момент и эквивалентное циркуляционное давление___feature-item___Способствует очистке ствола скважины и увеличивает выход керна___feature-item___Улучшает свойства пены, увеличивая выносную способность при использовании пенных буровых растворов___feature___Преимущества___feature-title___ПреимуществаПреимуществаПреимуществаПреимуществаЛегко замешивается и растворяется даже при использовании низкоскоростных смесительных установок___feature-item___Эффективен при добавлении в буровые растворы на основе пресной, морской и жесткой воды___feature-item___Даже малое количество материала эффективно регулирует фильтрацию___feature-item___Не дает брожения___feature-item___Совместим с другими добавками для буровых растворов компании «Бароид» (Baroid)___feature-item___Устойчив к загрязнениям буровго раствора___feature-item___Сертифицирован по Стандарту 60 Национального фонда санитарной защиты (NSF) и Американского национального института стандартов (ANSI).',_binary 'Типичные свойства___charachteristics-title___Внешний вид___charachteristics-kv___Белый легкосыпучий порошок___charachteristics-item___pH ( 1% водный раствор)___charachteristics-kv___7.0','2018-02-02 16:33:55','2018-08-15 14:46:19',4,2),(27,'COPPER','01','','','',_binary '___footer-title___',50,5200,'RUB','http://90.156.157.222:4253/cupper.png','','','2018-02-10 21:42:58','2018-02-12 12:57:29',10,NULL),(29,'VERMEER','02','','','',_binary '___footer-title___',49,4500,'RUB','http://90.156.157.222:4253/2c7ca5ed37e47f0bb0e51eb90d99b574.jpg','','','2018-02-10 21:50:46','2018-02-12 12:58:10',10,NULL),(40,' Муфта шестигранная','289273001','','',_binary ' Отверстие 3,5\" 16x20 - 40x40',_binary '___footer-title___',4,13200,'RUB','http://90.156.157.222:4253/484e881d9a685101d9c705f93aec0d9c.jpg','','','2018-02-12 13:57:36','2018-02-12 22:33:29',22,NULL),(42,'ТUNNEL-GEL MAX','4','',_binary 'TUNNEL\r\n-\r\nGEL\r\n®\r\nMAX\r\nявляется\r\nспециальной\r\nсмесью\r\nвоскокачественного\r\nбентонита\r\n, \r\nразр\r\nа\r\nботанный\r\nспециально\r\nдля\r\nиспользования\r\nв\r\nтуннелировании\r\nи\r\nГНБ\r\nбольших\r\nдиаметров\r\n.\r\nTUNNEL\r\n-\r\nGEL\r\n®\r\nMAX\r\nобеспечивает быстрое развитие вязкости\r\n, и \r\nподдержание \r\nстабильности  ст\r\nенок\r\nбурового  канала\r\n,  а  также  эффективно\r\nснижает \r\nфильтрацию\r\nбурового раствора \r\nна водной основе.','',_binary 'ТUNNEL-GEL MAX___footer-title___',20,640,'EUR','http://90.156.157.222:4253/25-1.jpg','','','2018-02-12 14:27:12','2018-08-15 14:35:05',3,2),(43,'BORE-GEL','2','',_binary 'Буровой\r\nраствор\r\n BORE-GEL \r\nпредназначен\r\nспециально\r\nдля\r\nиспользования\r\nпри\r\nгоризонтально\r\n-\r\nнаправленного\r\nбурении\r\n. \r\nРаствор\r\nBORE-GEL \r\nявляется\r\nфирменной\r\nсмесью\r\nна\r\nоснове\r\nвысококачественного\r\nвайомингского\r\nнатриевого\r\nбентонита\r\n. \r\nПри\r\nперемешивании\r\n BORE-GEL \r\nс\r\nпресной\r\nводой\r\nобразуется\r\nраствор\r\n, \r\nлегко\r\nперекачивающийся\r\nнасосом\r\n, \r\nобладающий\r\nсвойствами\r\n, \r\nнеобходимыми\r\nдля\r\nнаклонно\r\n-\r\nнаправленного\r\nбурения\r\n',_binary 'Буровой\r\nраствор\r\n BORE-GEL \r\nпредназначен\r\nспециально\r\nдля\r\nиспользования\r\nпри\r\nгоризонтально\r\n-\r\nнаправленного\r\nбурении\r\n. \r\nРаствор\r\nBORE-GEL \r\nявляется\r\nфирменной\r\nсмесью\r\nна\r\nоснове\r\nвысококачественного\r\nвайомингского\r\nнатриевого\r\nбентонита\r\n. \r\nПри\r\nперемешивании\r\n BORE-GEL \r\nс\r\nпресной\r\nводой\r\nобразуется\r\nраствор\r\n, \r\nлегко\r\nперекачивающийся\r\nнасосом\r\n, \r\nобладающий\r\nсвойствами\r\n, \r\nнеобходимыми\r\nдля\r\nнаклонно\r\n-\r\nнаправленного\r\nбурения\r\n',_binary 'BORE-GEL___footer-title___',0,850,'EUR','http://90.156.157.222:4253/B-GEL---DSCF9266_lr.jpg','','','2018-02-12 14:49:53','2018-08-15 14:21:28',3,2),(44,'Копка котлованов','001',NULL,NULL,NULL,_binary '___footer-title___',0,0,'RUB','http://90.156.157.222:4253/022222tech.jpg','','','2018-02-12 14:52:13','2018-02-12 14:52:13',13,NULL),(45,'Метод ГНБ','0001',NULL,NULL,NULL,_binary '___footer-title___',0,0,'RUB','http://90.156.157.222:4253/s5wgpn8t74eagjvd.jpg','','','2018-02-12 14:54:59','2018-02-12 14:54:59',12,NULL),(46,'Благоустройство территории','00001',NULL,NULL,NULL,_binary '___footer-title___',0,0,'RUB','http://90.156.157.222:4253/blag-ter_02.jpg','','','2018-02-12 15:00:11','2018-02-12 15:00:11',14,NULL),(47,'Ролик каретки 33х44 - 36х50 SII','296292059','','','',_binary '___footer-title___',16,10170,'RUB','http://90.156.157.222:4253/d95895cc45cb0161cc071835f94bc35a.jpg','','','2018-02-13 08:10:33','2018-02-14 11:52:47',26,7),(48,'Буровая лопатка',' 289379001','','',_binary 'VCP 4,5\" 16x20 - 40x40',_binary '___footer-title___',5,24900,'RUB','http://90.156.157.222:4253/4d29bb1c10b1d58461d060918f1dd383.jpg','','','2018-02-13 08:19:06','2018-02-13 14:38:08',22,7),(49,'Буровая  лопатка',' 289378001','','',_binary 'VCP 4\" 16x20 - 40x40',_binary '___footer-title___',1,22000,'RUB','http://90.156.157.222:4253/5dc0ae53a965f3a8f1d3284d7cbc4b59.jpg','','','2018-02-13 08:22:38','2018-02-13 14:38:39',22,7),(50,'Ролик каретки (горизонтальный) 24х40 SII',' 288513001','','','',_binary '___footer-title___',2,14600,'RUB','http://90.156.157.222:4253/c84d834b1858d48dfc8563988ef5a9d0.jpg','','','2018-02-13 08:25:28','2018-02-14 11:50:23',25,7),(51,'Губка тисков верхняя 2,06\" 18x22, 20x22','296279704 ','','','',_binary '___footer-title___',2,8200,'RUB','http://90.156.157.222:4253/c094d5deefd1835fc0756ccc88e4bf48.png','','','2018-02-13 08:26:59','2018-02-14 11:49:34',23,7),(52,'Губка тисков нижняя 2.06\" 18x22, 20x22','296279701','','','',_binary '___footer-title___',2,5500,'RUB','http://90.156.157.222:4253/6a237da4ad569730f10406086af854ec.jpg','','','2018-02-13 08:34:40','2018-02-14 11:49:48',23,7),(53,'Пластина пальца тисков','235929001','','',_binary '24х40А - 36х50 SII',_binary '___footer-title___',4,2200,'RUB','http://90.156.157.222:4253/c23bdd54af4f3f9469db594035eb93df.jpg','','','2018-02-13 08:36:39','2018-02-13 14:36:52',20,7),(54,'Сабсейвер 3.5\" 80x100 SII Сабсейвер 3.5\" 80x100 SII','296255477','','','',_binary '___footer-title___',2,35000,'RUB','http://90.156.157.222:4253/4f1ab90e3e5dfec85fa24c27fcbb7221.jpg','','','2018-02-13 08:44:04','2018-02-14 11:55:40',31,7),(55,'Вставка губок тисков 3.5\" 100x120 Вставка губок тисков 3.5\" 100x120','296303218','','','',_binary '___footer-title___',32,1000,'RUB','http://90.156.157.222:4253/15e663dd7ae346adfbbcb10b182801ea.jpg','','','2018-02-13 08:45:52','2018-02-14 11:56:07',32,7),(56,'Ремкомплект гидроцилиндра анкера 24х40А','245060007','','','',_binary '___footer-title___',2,2850,'RUB','http://90.156.157.222:4253/ccbcbaa62e01cce9d260ea34fee043b3.jpg','','','2018-02-13 08:53:25','2018-02-14 11:50:55',25,7),(57,'Очиститель штанг','235922001','','',_binary '1,90\" 16х20, 18х22',_binary '___footer-title___',1,3200,'RUB','http://90.156.157.222:4253/121f7b592636845e0b5bbda445a7a332.jpg','','','2018-02-13 08:54:55','2018-02-13 14:38:53',22,7),(58,'Ремкомплект гидроцилиндра зажима тисков 24х40 - 36х50 SII (276265025)','228165023','','','',_binary '___footer-title___',1,3280,'RUB','http://90.156.157.222:4253/08441081b297cf4c261ccb882a30fd77.jpg','','','2018-02-13 08:57:12','2018-02-14 11:53:06',26,7),(59,'Очиститель штанг 2.375\" 24x40 - 36x50','235924001','','','',_binary '___footer-title___',5,3100,'RUB','http://90.156.157.222:4253/345598945fd8d8a17552b3fcfb6b007c.jpg','','','2018-02-13 09:00:31','2018-02-14 11:51:54',25,7),(60,'Очиститель штанг 3.5\" 50x100 - 100x120','235926001','','','',_binary '___footer-title___',5,3000,'RUB','http://90.156.157.222:4253/6b9f90506e53910d374ca4a95b9bd213.jpg','','','2018-02-13 09:06:26','2018-02-14 11:54:49',28,7),(61,'Сабсейвер','296255351','','',_binary '1.66\" 7х11A, 10x14. 10x15',_binary '___footer-title___',1,8500,'RUB','http://90.156.157.222:4253/13b59165156f1513fba2ae64043acb20.jpg','','','2018-02-13 09:08:13','2018-02-13 14:37:02',20,7),(62,'Сабсейвер 2.375\" FST 2 33x44-36х50 (276351001)','284144001','','','',_binary '___footer-title___',1,27300,'RUB','http://90.156.157.222:4253/90d4da0ed0b15f0afa1d6be05746c088.jpg','','','2018-02-13 09:10:13','2018-02-14 11:53:37',26,7),(63,'Сабсейвер 2.375\" FST 650 36x50 SII','296309650','','','',_binary '___footer-title___',1,21700,'RUB','http://90.156.157.222:4253/04faa87ccb223e5ecd5e0a05f5b3b9dd.jpg','','','2018-02-13 11:04:33','2018-02-14 11:54:34',27,7),(64,'Переходник  буровой головки','234840001','','',_binary '1,9\" FST 250 BOX x 2.125 HEX BOX 16x20-18x22',_binary '___footer-title___',1,26000,'RUB','http://90.156.157.222:4253/712c2bcc999af3cf50e50fb7bba62b8f.jpg','','','2018-02-13 11:06:40','2018-02-13 14:39:16',22,7),(65,'Переходник буровой головки 2.06\" FST 400 BOX x 2.125\" LPT HEX 18x22, 20х22, 24х26 ','250658001','','','',_binary '___footer-title___',1,26500,'RUB','http://90.156.157.222:4253/d7a2928c30a6dd760e365f94e8f6ed78.jpg','','','2018-02-13 11:11:17','2018-02-14 11:50:04',23,7),(66,'Переходник буровой головки 2.375\" FST 2 x 2.125\" HEX BOX 33х44-36х50 (1704-609-01) ','284148001','','','',_binary '___footer-title___',1,47000,'RUB','http://90.156.157.222:4253/b3df022f3187eb9b2edd8315ce22c3b8.jpg','','','2018-02-13 11:13:39','2018-02-14 11:53:51',26,NULL),(73,'Переходник буровой головки','276261001','','',_binary '1.66\" FST 200 x 1.625\" HEX BOX 6x6 - 10x15',_binary '___footer-title___',1,23300,'RUB','http://90.156.157.222:4253/20e7c3f791d2eceffa2edf7e12ef9e63.jpg','','','2018-02-13 11:22:33','2018-02-13 14:37:34',21,7),(74,'Буровая головка',' 234786001','','',_binary '2,125\" PL8000 - 10х15',_binary '___footer-title___',1,91000,'RUB','http://90.156.157.222:4253/4ee64421c4de0e3ae611d4a635d22a89.jpg','','','2018-02-13 11:24:11','2018-02-13 14:37:48',21,7),(75,'Буровая головка с боковой загрузкой','226638001','','',_binary ' 2,125\" HEX PIN 16х20 - 40х40',_binary '___footer-title___',1,111500,'RUB','http://90.156.157.222:4253/97db62dc1f4ee041944f41dbfb24b396.jpg','','','2018-02-13 11:26:12','2018-02-13 14:39:44',22,7),(76,'Губка тисков 2.625\" 24x40A, 24x40 SII','230831001','','','',_binary '___footer-title___',33,6460,'RUB','http://90.156.157.222:4253/df7415612986e4915600a479f58c146f.jpg','','','2018-02-13 11:28:34','2018-02-14 11:51:27',25,7),(77,'Губка тисков 2.375\" 33х44,36х50','276415001','','','',_binary '___footer-title___',30,6700,'RUB','http://90.156.157.222:4253/8a21427a712c5a12cc575ebc7072cf77.jpg','','','2018-02-13 11:30:02','2018-02-14 11:54:07',26,7),(78,'Губка тисков нижняя','236076001','','',_binary ' 1.66\" 7х11 - 10x15',_binary '___footer-title___',2,5600,'RUB','http://90.156.157.222:4253/3e4a5240a280d834a09d5cd6202acb07.jpg','','','2018-02-13 11:32:16','2018-02-13 14:36:17',20,7),(79,'Губка тисков верхняя','236090001','','',_binary '1.66\" 7х11 - 10x15',_binary '___footer-title___',2,8860,'RUB','http://90.156.157.222:4253/6b85d69f4c3c7fa75a3ec5ba6f2cd1b5.jpg','','','2018-02-13 11:33:45','2018-02-13 14:36:35',20,7),(80,'Вставка губок тисков 3,5\" 50x100 - 80x100','278121001','','','',_binary '___footer-title___',21,1200,'RUB','http://90.156.157.222:4253/556bfe89ec5a4e5370a9a6e8e5901028.jpg','','','2018-02-13 11:35:54','2018-02-14 11:55:09',28,7),(81,'Губка тисков цельная 3.5\" 50x100, 80x100','249880001','','','',_binary '___footer-title___',0,10100,'RUB','http://90.156.157.222:4253/03ad64ccbe118b486200642c1424a2d2.jpg','','','2018-02-13 11:37:22','2018-02-14 11:55:23',28,7),(85,'Ролик каретки 24х40 SII (278378001)','296292057','','','',_binary '___footer-title___',16,6300,'RUB','http://90.156.157.222:4253/88355f22d1d640cd85bea0a738018d47.jpg','','','2018-02-13 11:44:00','2018-02-14 11:51:44',25,7),(86,'Полумесяц тисков 24х40А - 36х50 SII','240908001','','','',_binary '___footer-title___',6,5300,'RUB','http://90.156.157.222:4253/4ca82582cc2b017189e472ff69893400.jpg','','','2018-02-13 11:45:45','2018-02-14 11:52:11',25,7),(87,'Ролик тисков (комплект) 24х40A - 36х50 SII','244458001','','','',_binary '___footer-title___',2,40000,'RUB','http://90.156.157.222:4253/efb13762fc74d665a07c61102a6be38c.jpg','','','2018-02-13 11:47:11','2018-02-14 11:52:25',25,7),(89,'Масло трансмиссионное','00000','','',_binary 'Hypoid SAE 80W90 1л',_binary '___footer-title___',2,270,'RUB','http://90.156.157.222:4253/0652e5829b5142fc049de0f70c97a655.jpg','','','2018-02-13 13:40:13','2018-02-13 16:22:41',10,9),(90,'Смазка Multipurpose HT','0000','','',_binary '(400гр)',_binary '___footer-title___',10,485,'RUB','http://90.156.157.222:4253/d0b03c60ca74c3ea490ef9f38a7465e1.png','','','2018-02-13 13:42:56','2018-02-13 16:22:28',10,9),(91,'Полимер Но-саг (NO-SAG) (ведро 9кг)','45622','',_binary 'Увеличение статического напряжения сдвига буровой жидкости для улучшения несущей способности при удалении бурового шлама, грубозернистого песка и гравия.\r\nУлучшение несущей способности при удалении твердых частиц с сохранением низкой вязкости для обеспечения текучести в стволах скважин большой протяженности или при расширении скважины от забоя к устью\r\nУлучшение сопротивления к загрязнению при бурении','',_binary '___footer-title___',20,160,'EUR','http://90.156.157.222:4253/9909784a3982c2ee8ec6bb8d21f74c6a.jpg','','','2018-02-14 14:23:49','2018-08-15 14:46:52',4,2),(92,'Минеральное волокно N-SEAL (мешок 14кг)',' N-SEAL',NULL,_binary 'N-SEAL представляет собой кислоторастворимый материал для борьбы с поглощением бурового раствора, изготовленный из экструдированного минерального волокна. Благодаря способности растворяться в слабых кислотах, материал N-SEAL легко удаляется из продуктивной зоны.',NULL,_binary '___footer-title___',150,6000,'RUB','http://90.156.157.222:4253/67d8398348f47edd4fe4b40b6dd1687f.jpg','','','2018-02-14 14:47:51','2018-02-14 14:47:52',4,2),(93,'Губка тисков 1.32\" 6x6','296271432',NULL,NULL,NULL,_binary '___footer-title___',0,0,'RUB','http://90.156.157.222:4253/464c2594999a03759c4f41004c6ee56d.jpg','','','2018-02-20 07:57:10','2018-02-20 07:57:10',33,7),(107,'Губка тисков нижняя 1.9\" 16x20 - 20x22','236111001',NULL,NULL,NULL,_binary '___footer-title___',-2,0,'RUB','http://90.156.157.222:4253/336bfc580743267e9d46bce2aee1f757.jpg','','','2018-02-20 08:21:04','2018-02-20 08:21:04',22,7),(108,'Губка тисков верхняя 1.9\" 16x20 - 20x22','236112001 ',NULL,NULL,NULL,_binary '___footer-title___',0,0,'RUB','http://90.156.157.222:4253/890cfdddc6418eeebba3c57b7ff3e8f9.jpg','','','2018-02-20 08:27:31','2018-02-20 08:27:31',22,7),(109,'Губка тисков верхняя 1.9\" 16x20 - 20x22','250272001',NULL,NULL,NULL,_binary '___footer-title___',0,0,'RUB','http://90.156.157.222:4253/88a60b14f3ac228955b84a1412089284.jpg','','','2018-02-20 08:29:20','2018-02-20 08:29:20',22,7),(110,'Губка тисков 3,10\" под FST 700 36x50 SII','296310768 ',NULL,NULL,NULL,_binary '___footer-title___',0,0,'RUB','http://90.156.157.222:4253/5a529b33fe38dd88d29169b6715f2bdd.jpg','','','2018-02-20 08:33:49','2018-02-20 08:33:49',27,7),(111,'Вставка в губки тисков 2.625\" 40x40','278223001 ',NULL,NULL,NULL,_binary '___footer-title___',0,0,'RUB','http://90.156.157.222:4253/42dfad2598e0254ef3da85a7a8cef6bb.jpg','','','2018-02-20 08:41:30','2018-02-20 08:41:30',25,7),(112,'Губка тисков под вставки 2.375\" 40х40','285750001',NULL,NULL,NULL,_binary '___footer-title___',0,0,'RUB','http://90.156.157.222:4253/3f8d6a4b755491846ffa2ac7cf6f6be0.jpg','','','2018-02-20 08:43:00','2018-02-20 08:43:00',25,7),(113,'Губка тисков 2.875\" 50x100A','249879001 ',NULL,NULL,NULL,_binary '___footer-title___',0,0,'RUB','http://90.156.157.222:4253/0d30d29eabcdf50065deeac7f42964f5.jpg','','','2018-02-20 08:44:50','2018-02-20 08:44:50',28,7),(114,'Вставки губок тисков 73 мм 50х100, 80х100А','222488001',NULL,NULL,NULL,_binary '___footer-title___',-3,0,'RUB','http://90.156.157.222:4253/ed6dd6b96d6f4150a1cd8d2ba4806a10.jpg','','','2018-02-20 08:46:43','2018-02-20 08:46:43',28,7),(115,'Губка тисков под вставки 3.5\" 50x100, 80x100A, 80x100 SII','285754001',NULL,NULL,NULL,_binary '___footer-title___',0,0,'RUB','http://90.156.157.222:4253/5d7f931414aadf913a376513b486b41c.jpg','','','2018-02-20 08:51:10','2018-02-20 08:51:10',28,NULL),(116,'Держатель губок тисков 3.5\" 50x100 - 100x120 ( 278228001)','296285731 ',NULL,NULL,NULL,_binary '___footer-title___',0,0,'RUB','http://90.156.157.222:4253/f57f10d18d0c621fc4bdaae38ea7dc28.jpg','','','2018-02-20 08:53:46','2018-02-20 08:53:46',31,7),(117,'Держатель вставок тисков 80х100 SII, 100x120 SII','296303056 ',NULL,NULL,NULL,_binary '___footer-title___',0,0,'RUB','http://90.156.157.222:4253/d9fbfcb66b2f6a32acf5fb5bf5366432.jpg','','','2018-02-20 08:58:35','2018-02-20 08:58:35',31,7),(118,'Вставка губок тисков 4.5\" 150x300, 200x300. 300x500','296252194 ',NULL,NULL,NULL,_binary '___footer-title___',0,0,'RUB','http://90.156.157.222:4253/161ec54fecf3ee2364c8e0ff5e379040.jpg','','','2018-02-20 09:07:16','2018-02-20 09:07:16',35,7),(119,'Шпиндель в сборе 1,66\" 7х11A',' 296255361',NULL,NULL,NULL,_binary '___footer-title___',0,0,'RUB','http://90.156.157.222:4253/27d7a44cea66a4ca1afff7f68f0b178d.jpg','','','2018-02-20 13:31:31','2018-02-20 13:31:31',20,7),(120,'Шпиндель в сборе 1.66\" 10х14, 10х15','296255363 ',NULL,NULL,NULL,_binary '___footer-title___',0,0,'RUB','http://90.156.157.222:4253/ba73c38af37fd5adb4aec864d0afa80b.jpg','','','2018-02-20 13:33:05','2018-02-20 13:33:05',21,7),(121,'Шпиндель в сборе 1,9\" 16х20 - 20x22','296255364',NULL,NULL,NULL,_binary '___footer-title___',0,0,'RUB','http://90.156.157.222:4253/6c453e4464f53c7f9f6504efc64d3c4c.jpg','','','2018-02-20 13:35:52','2018-02-20 13:35:52',22,7),(122,'Шпиндель в сборе 2,06\" 18x22 - 20x22','296279709 ',NULL,NULL,NULL,_binary '___footer-title___',0,0,'RUB','http://90.156.157.222:4253/14b1c133b1be29d6b4f03faefadb8b39.jpg','','','2018-02-20 13:37:42','2018-02-20 13:37:42',23,7),(123,'Шпиндель в сборе 2,375\" 24x40A','230980001',NULL,NULL,NULL,_binary '___footer-title___',0,0,'RUB','http://90.156.157.222:4253/ac9e5a74e035aef99b28f442567f1236.jpg','','','2018-02-20 13:47:25','2018-02-20 13:47:25',36,7),(124,'Шпиндель в сборе 2,375\" 24х40A','249169001 ',NULL,NULL,NULL,_binary '___footer-title___',0,0,'RUB','http://90.156.157.222:4253/9257b1e5822081e3bb0f79d9ec73338c.jpg','','','2018-02-20 13:50:45','2018-02-20 13:50:45',36,7),(125,'Шпиндель в сборе 2,375\" 24х40 SII','296273550 ',NULL,NULL,NULL,_binary '___footer-title___',0,0,'RUB','http://90.156.157.222:4253/a287d57dba8432220eb0da08ee018f4a.jpg','','','2018-02-20 13:52:37','2018-02-20 13:52:37',25,7),(126,'Шпиндель в сборе 2,375\" FST 650 36x50 SII',' 296309648 ',NULL,NULL,NULL,_binary '___footer-title___',0,0,'RUB','http://90.156.157.222:4253/ebb36d5904cb242de87c07e72dd7b1ee.jpg','','','2018-02-20 13:54:28','2018-02-20 13:54:28',27,7),(127,'Шпиндель в сборе 2.625\" 36x50 SII FST 700','296309505 ',NULL,NULL,NULL,_binary '___footer-title___',0,0,'RUB','http://90.156.157.222:4253/2a7761309078bba3c989a26a9845420f.jpg','','','2018-02-20 13:56:35','2018-02-20 13:56:35',27,7),(128,'Шпиндель в сборе 2,875\" 50x100A','296255366 ',NULL,NULL,NULL,_binary '___footer-title___',0,0,'RUB','http://90.156.157.222:4253/666dae1b6d29a479eca2803b2bf38e40.jpg','','','2018-02-20 13:58:23','2018-02-20 13:58:23',28,7),(129,'Шпиндель в сборе 3,5\" 50x100 - 80х100 SII','296255475 ',NULL,NULL,NULL,_binary '___footer-title___',0,0,'RUB','http://90.156.157.222:4253/71ee454e9e7297be9f50646e2d28ce66.jpg','','','2018-02-20 14:00:24','2018-02-20 14:00:24',28,7),(133,'Шпиндель 1,66\" 7х11 SII, 9x13 SII','296276507 ',NULL,NULL,NULL,_binary '___footer-title___',0,0,'RUB','http://90.156.157.222:4253/02e6194d279566edc6845a3985a1731f.jpg','','','2018-02-21 10:56:45','2018-02-21 10:56:45',20,7),(134,'Сабсейвер 1.90\" 16x20A, 18x22','296255352 ',NULL,NULL,NULL,_binary '___footer-title___',0,0,'RUB','http://90.156.157.222:4253/a43be107427e66ae1402f43ca1a2c5c6.jpg','','','2018-02-21 10:59:17','2018-02-21 10:59:17',22,7),(135,'Сабсейвер 2,06\" 18х20, 20х22','296279708 ',NULL,NULL,NULL,_binary '___footer-title___',0,0,'RUB','http://90.156.157.222:4253/e846fc9856b3a806b5a8bde6497aee0c.jpg','','','2018-02-21 11:01:48','2018-02-21 11:01:48',23,7),(136,'Шпиндель 1.9\" 16х20 SII','296291966',NULL,NULL,NULL,_binary '___footer-title___',0,0,'RUB','http://90.156.157.222:4253/d342691ddd7747d4d4545f0b53f9999d.jpg','','','2018-02-21 11:04:49','2018-02-21 11:04:49',22,7),(137,'Сабсейвер 2.06\" 20x22FX SII','296339860 ',NULL,NULL,NULL,_binary '___footer-title___',0,0,'RUB','http://90.156.157.222:4253/890fe156bebaf307fba8fdffb677f27b.jpg','','','2018-02-21 11:06:30','2018-02-21 11:06:30',24,7),(138,' Шпиндель 2,06\" 18х22, 20х22 S II','296281195',NULL,NULL,NULL,_binary '___footer-title___',0,0,'RUB','http://90.156.157.222:4253/272f526fca7dd88a6dee2c7035d51b8f.jpg','','','2018-02-21 11:08:34','2018-02-21 11:08:34',24,7),(139,'Сабсейвер 2.375\" 24x40A Вермеер','230945001 ',NULL,NULL,NULL,_binary '___footer-title___',0,0,'RUB','http://90.156.157.222:4253/ba381a75c97711e59d841cb72cabe8b9_54b3e4591dd511e79c131cb72cabe8b9-800x800.jpg','','','2018-02-21 11:10:16','2018-02-21 11:10:16',36,7),(140,'Сабсейвер 2,375\" 24х40А ','249166001',NULL,NULL,NULL,_binary '___footer-title___',0,0,'RUB','http://90.156.157.222:4253/54b3e4501dd511e79c131cb72cabe8b9_54b3e4511dd511e79c131cb72cabe8b9-800x800.jpg','','','2018-02-21 11:12:23','2018-02-21 11:12:23',36,7),(141,'Сабсейвер 2.375\" 24х40 SII','276323001 ',NULL,NULL,NULL,_binary '___footer-title___',0,0,'RUB','http://90.156.157.222:4253/1320b97b5ae011e69cb41cb72cabe8b9_54b3e4671dd511e79c131cb72cabe8b9-380x380.jpg','','','2018-02-21 11:14:39','2018-02-21 11:14:39',36,7),(142,'Сабсейвер 2.625\" FST 700 36x50 SII ','296309507 ',NULL,NULL,NULL,_binary '___footer-title___',0,0,'RUB','http://90.156.157.222:4253/2359b6e01f7e11e79c131cb72cabe8b9_2359b6e11f7e11e79c131cb72cabe8b9-380x380.jpg','','','2018-02-21 11:16:28','2018-02-21 11:16:28',27,7),(143,'Сабсейвер 2,875\" 50x100A','296255354 ',NULL,NULL,NULL,_binary '___footer-title___',0,0,'RUB','http://90.156.157.222:4253/2359b6e01f7e11e79c131cb72cabe8b9_2359b6e11f7e11e79c131cb72cabe8b9-380x380.jpg','','','2018-02-21 11:18:00','2018-02-21 11:18:00',28,7),(144,'Сабсейвер 3.5\" 100x120 SII','296309515 ',NULL,NULL,NULL,_binary '___footer-title___',0,0,'RUB','http://90.156.157.222:4253/2359b6e01f7e11e79c131cb72cabe8b9_2359b6e11f7e11e79c131cb72cabe8b9-380x380.jpg','','','2018-02-21 11:20:20','2018-02-21 11:20:20',32,7),(145,'TORQ-LOK','247261985',NULL,NULL,NULL,_binary '___footer-title___',0,0,'RUB','http://localhost:4251/placeholder.jpg','','','2018-02-21 11:22:00','2018-02-21 11:22:00',20,7),(146,'СТЕРЖЕНЬ 1,90 ВТ / 2 1/','230993001 ',NULL,NULL,NULL,_binary '___footer-title___',0,0,'RUB','http://localhost:4251/placeholder.jpg','','','2018-02-21 11:25:13','2018-02-21 11:25:13',20,7),(147,'СТЕРЖЕНЬ-2.06X.260WA','221628001 ',NULL,NULL,NULL,_binary '___footer-title___',0,0,'RUB','http://localhost:4251/placeholder.jpg','','','2018-02-21 11:26:24','2018-02-21 11:26:24',20,7),(148,'222276001 СТЕРЖЕНЬ 2,38 ПЕРЕДОЗИРОВКИ X0.','222276001 ',NULL,NULL,NULL,_binary '___footer-title___',0,0,'RUB','http://localhost:4251/placeholder.jpg','','','2018-02-21 11:29:32','2018-02-21 11:29:32',20,7),(149,'СТЕРЖЕНЬ 2.875 900#',' 222452001 ',NULL,NULL,NULL,_binary '___footer-title___',0,0,'RUB','http://localhost:4251/placeholder.jpg','','','2018-02-21 11:30:02','2018-02-21 11:30:02',20,7),(150,'3.5» X 15\' СТЕРЖНЕЙ','222454001 ',NULL,NULL,NULL,_binary '___footer-title___',0,0,'RUB','http://localhost:4251/placeholder.jpg','','','2018-02-21 11:31:44','2018-02-21 11:31:44',20,7),(151,'20\' X 3,5 ДРЕЛИ',' 296309520 ',NULL,NULL,NULL,_binary '___footer-title___',0,0,'RUB','http://localhost:4251/placeholder.jpg','','','2018-02-21 12:00:59','2018-02-21 12:00:59',20,7),(152,'Муфта шестигранная 6x6-10x15','289274001 ',NULL,NULL,NULL,_binary '___footer-title___',0,0,'RUB','http://90.156.157.222:4253/41224ad01dc911e79c131cb72cabe8b9_41224ad11dc911e79c131cb72cabe8b9-380x380.jpg','','','2018-02-21 12:04:12','2018-02-21 12:04:12',21,NULL),(153,'Переходник буровой головки 6х6 - 10х15','234945001 ',NULL,NULL,NULL,_binary '___footer-title___',0,0,'RUB','http://90.156.157.222:4253/5cfdfc036d31b2a46697b661a54a7936.jpg','','','2018-02-21 12:15:01','2018-02-21 12:15:01',20,7),(154,'НАЧИНАЮЩИЙ РОД 1.6','240895001 ',NULL,NULL,NULL,_binary '___footer-title___',0,0,'RUB','http://localhost:4251/placeholder.jpg','','','2018-02-21 12:16:54','2018-02-21 12:16:54',20,7),(159,'Переходник буровой головки 2.375\" FST 1 BOX x 2.125\" HEX BOX 24х40; 40х40','34826001 ',NULL,NULL,NULL,_binary '___footer-title___',0,0,'RUB','http://90.156.157.222:4253/d80ac4101dbb11e79c131cb72cabe8b9_d80ac4111dbb11e79c131cb72cabe8b9-380x380.jpg','','','2018-02-21 12:23:50','2018-02-21 12:23:50',22,7),(160,'ПОДШИПНИКА ХЭР','296343244 ',NULL,NULL,NULL,_binary '___footer-title___',0,0,'RUB','http://localhost:4251/placeholder.jpg','','','2018-02-21 12:26:13','2018-02-21 12:26:13',20,7),(161,'Буровой переходник 2,125 LPT(B) x 2.375 FST#650(B)','296309646 ',NULL,NULL,NULL,_binary '___footer-title___',0,0,'RUB','http://90.156.157.222:4253/d80ac4101dbb11e79c131cb72cabe8b9_d80ac4111dbb11e79c131cb72cabe8b9-380x380.jpg','','','2018-02-21 12:28:20','2018-02-21 12:28:20',27,7),(162,'Переходник буровой головки 2.625\" FST 700 x 2.125\" HEX BOX 36x50','296321280 ',NULL,NULL,NULL,_binary '___footer-title___',0,0,'RUB','http://90.156.157.222:4253/d80ac4101dbb11e79c131cb72cabe8b9_d80ac4111dbb11e79c131cb72cabe8b9-380x380.jpg','','','2018-02-21 12:29:49','2018-02-21 12:29:49',27,7),(163,'ПОДШИПНИК QF 300 H','296364002 ',NULL,NULL,NULL,_binary '___footer-title___',0,0,'RUB','http://localhost:4251/placeholder.jpg','','','2018-02-21 12:35:50','2018-02-21 12:35:50',20,7),(164,'СТЕРЖЕНЬ-QUI НАЧИНАЮЩЕГО','296331952 ',NULL,NULL,NULL,_binary '___footer-title___',0,0,'RUB','http://localhost:4251/placeholder.jpg','','','2018-02-21 12:37:42','2018-02-21 12:37:42',20,7),(165,'НАЧИНАЮЩИЙ РОД КУЙ','296331926 ',NULL,NULL,NULL,_binary '___footer-title___',0,0,'RUB','http://localhost:4251/placeholder.jpg','','','2018-02-21 12:38:57','2018-02-21 12:38:57',20,7),(166,'СТЕРЖЕНЬ-QUI НАЧИНАЮЩЕГО','296331924 ',NULL,NULL,NULL,_binary '___footer-title___',0,0,'RUB','http://localhost:4251/placeholder.jpg','','','2018-02-21 12:40:41','2018-02-21 12:40:41',20,7),(167,'296331995 ПОДШИПНИК-QUICKFIR','296331995 ',NULL,NULL,NULL,_binary '___footer-title___',0,0,'RUB','http://localhost:4251/placeholder.jpg','','','2018-02-21 12:41:54','2018-02-21 12:41:54',20,7),(168,'ПОДШИПНИК QF 400 H','296364043 ',NULL,NULL,NULL,_binary '___footer-title___',0,0,'RUB','http://localhost:4251/placeholder.jpg','','','2018-02-21 12:43:08','2018-02-21 12:43:08',20,7),(169,'СТЕРЖЕНЬ-QUI НАЧИНАЮЩЕГО','296331978 ',NULL,NULL,NULL,_binary '___footer-title___',0,0,'RUB','http://localhost:4251/placeholder.jpg','','','2018-02-21 12:44:49','2018-02-21 12:44:49',20,7),(170,'ПОДШИПНИК QF 460 H','296364042 ',NULL,NULL,NULL,_binary '___footer-title___',0,0,'RUB','http://localhost:4251/placeholder.jpg','','','2018-02-21 12:49:00','2018-02-21 12:49:00',20,7),(171,'ЗАКОНЧИТЕ ЗАГРУЖАЮТ HOUSIN','296274010 ',NULL,NULL,NULL,_binary '___footer-title___',0,0,'RUB','http://localhost:4251/placeholder.jpg','','','2018-02-21 12:51:05','2018-02-21 12:51:05',20,7),(172,' Прокладка для зонда в буровую головку','284757001',NULL,NULL,NULL,_binary '___footer-title___',0,0,'RUB','http://90.156.157.222:4253/93567baabc9e11e79d171cb72cabe8b9_93567babbc9e11e79d171cb72cabe8b9-800x800.jpg','','','2018-02-26 13:04:42','2018-02-26 13:04:42',20,7),(173,' 2,75-ДЮЙМОВАЯ ДРЕЛЬ HEA','262394001 262394001 262394001',NULL,NULL,NULL,_binary '___footer-title___',0,0,'RUB','http://localhost:4251/placeholder.jpg','','','2018-02-26 13:06:46','2018-02-26 13:06:46',20,7),(174,'ЗАГРУЗКА СТОРОНЫ HOUSI','296351784 ',NULL,NULL,NULL,_binary '___footer-title___',0,0,'RUB','http://localhost:4251/placeholder.jpg','','','2018-02-26 13:08:07','2018-02-26 13:08:07',20,7),(175,' 3-ДЮЙМОВАЯ ЗАГРУЗКА СТОРОНЫ ПЕРЕДОЗИРОВКИ','296351789',NULL,NULL,NULL,_binary '___footer-title___',0,0,'RUB','http://localhost:4251/placeholder.jpg','','','2018-02-26 13:10:30','2018-02-26 13:10:30',20,7),(176,'СОБРАНИЕ SUB - ГРЯЗЬ','296255579 ',NULL,NULL,NULL,_binary '___footer-title___',0,0,'RUB','http://localhost:4251/placeholder.jpg','','','2018-02-26 13:12:23','2018-02-26 13:12:23',20,7),(177,'Буровая головка 3.5\" x 2.875\" API REG BOX 80x100','296352061 ',NULL,NULL,NULL,_binary '___footer-title___',0,0,'RUB','http://90.156.157.222:4253/ed3c456ac51f11e79d171cb72cabe8b9_ed3c456bc51f11e79d171cb72cabe8b9-800x800.jpg','','','2018-02-26 13:15:19','2018-02-26 13:15:19',31,7),(178,'Буровая головка 3,5\" API 100х120','296351786 ',NULL,NULL,NULL,_binary '___footer-title___',0,0,'RUB','http://90.156.157.222:4253/ed3c456ac51f11e79d171cb72cabe8b9_ed3c456bc51f11e79d171cb72cabe8b9-800x800.jpg','','','2018-02-26 13:20:22','2018-02-26 13:20:22',32,7),(179,'ЗАГРУЗКА СТОРОНЫ UNIVE','296351765 ',NULL,NULL,NULL,_binary '___footer-title___',0,0,'RUB','http://localhost:4251/placeholder.jpg','','','2018-02-26 13:26:10','2018-02-26 13:26:10',20,7),(180,'УНИВЕРСАЛЬНЫЙ HOUSI','296257756 ',NULL,NULL,NULL,_binary '___footer-title___',0,0,'RUB','http://localhost:4251/placeholder.jpg','','','2018-02-26 13:27:53','2018-02-26 13:27:53',20,7),(181,'ЗАГРУЗКА СТОРОНЫ UNIVE','296351766 ',NULL,NULL,NULL,_binary '___footer-title___',0,0,'RUB','http://localhost:4251/placeholder.jpg','','','2018-02-26 13:29:57','2018-02-26 13:29:57',20,7),(182,'УНИВЕРСАЛЬНЫЙ HOUSI','296268770 ',NULL,NULL,NULL,_binary '___footer-title___',0,0,'RUB','http://localhost:4251/placeholder.jpg','','','2018-02-26 13:31:26','2018-02-26 13:31:26',20,7),(183,'Корпус зонда с боковой загрузкой 4,5\" 80x100 - 100x120 SII','296351767 ',NULL,NULL,NULL,_binary '___footer-title___',0,0,'RUB','http://90.156.157.222:4253/ed3c4564c51f11e79d171cb72cabe8b9_ed3c4565c51f11e79d171cb72cabe8b9-800x800.jpg','','','2018-02-26 13:33:59','2018-02-26 13:33:59',31,7),(184,'УНИВЕРСАЛЬНЫЙ HOUSI','296257764 ',NULL,NULL,NULL,_binary '___footer-title___',0,0,'RUB','http://localhost:4251/placeholder.jpg','','','2018-02-26 13:48:03','2018-02-26 13:48:03',20,7),(186,'Буровая лопатка Shark 4\" 6x6-10x15','235178001 ',NULL,NULL,NULL,_binary '___footer-title___',0,0,'RUB','http://90.156.157.222:4253/2dbffe6dff7871fd3009a7b152aee4e5.jpg','','','2018-04-05 12:53:54','2018-04-05 12:53:54',21,NULL),(187,'Буровая лопатка Shark 3.5\" 6x6-10x15','235187001 ',NULL,NULL,NULL,_binary '___footer-title___',0,0,'RUB','http://90.156.157.222:4253/2dbffe6dff7871fd3009a7b152aee4e5.jpg','','','2018-04-05 12:56:58','2018-04-05 12:56:58',22,NULL),(188,'Буровая лопатка Shark 4\" 16x20 - 40x40','235190001',NULL,NULL,NULL,_binary '___footer-title___',0,0,'RUB','http://90.156.157.222:4253/2dbffe6dff7871fd3009a7b152aee4e5.jpg','','','2018-04-05 12:58:29','2018-04-05 12:58:29',22,7),(189,'Буровая лопатка Shark 4.5\" 16x20 - 40x40','235193001 ',NULL,NULL,NULL,_binary '___footer-title___',0,0,'RUB','http://90.156.157.222:4253/2dbffe6dff7871fd3009a7b152aee4e5.jpg','','','2018-04-05 13:00:18','2018-04-05 13:00:18',22,7),(190,'Буровая лопатка Shark 5\" 16x20 - 40x40','235196001',NULL,NULL,NULL,_binary '___footer-title___',0,0,'RUB','http://90.156.157.222:4253/2dbffe6dff7871fd3009a7b152aee4e5.jpg','','','2018-04-05 13:01:32','2018-04-05 13:01:32',22,7),(191,'Буровая лопатка Shark 5\" 50x100 - 80х100','235205001 ',NULL,NULL,NULL,_binary '___footer-title___',0,0,'RUB','http://90.156.157.222:4253/2dbffe6dff7871fd3009a7b152aee4e5.jpg','','','2018-04-05 13:02:48','2018-04-05 13:02:48',28,7),(192,'Буровая лопатка Shark 5.5\" 50x100 - 80х100','235208001 ',NULL,NULL,NULL,_binary '___footer-title___',0,0,'RUB','http://90.156.157.222:4253/2dbffe6dff7871fd3009a7b152aee4e5.jpg','','','2018-04-05 13:04:33','2018-04-05 13:04:33',28,7),(195,'Буровая лопатка Shark 6\" 50x100 - 80х100','235211001 ',NULL,NULL,NULL,_binary '___footer-title___',0,0,'RUB','http://90.156.157.222:4253/2dbffe6dff7871fd3009a7b152aee4e5.jpg','','','2018-04-05 13:07:56','2018-04-05 13:07:56',28,7),(196,'Буровая лопатка VCT 3,5\" (с отв) 7x11 - 10x15','296255745 ',NULL,NULL,NULL,_binary '___footer-title___',0,0,'RUB','http://90.156.157.222:4253/b7ec05f97a58f4e88c0f55249d8eaeb1.jpg','','','2018-04-05 13:11:46','2018-04-05 13:11:46',34,7),(197,'Буровая лопатка VCT 4\" 16x20 - 40x40','296255746 ',NULL,NULL,NULL,_binary '___footer-title___',0,0,'RUB','http://90.156.157.222:4253/7163ebc28562b450bdd5f1f6fdd31857.jpg','','','2018-04-05 13:13:43','2018-04-05 13:13:43',22,7),(198,'Буровая лопатка VCT 4,5\" 16x20 - 40x40','296255747 ',NULL,NULL,NULL,_binary '___footer-title___',0,0,'RUB','http://90.156.157.222:4253/7163ebc28562b450bdd5f1f6fdd31857.jpg','','','2018-04-05 13:16:15','2018-04-05 13:16:15',22,7),(199,'Буровая лопатка VCP 5\" 16x20 - 40x40','296255748 ',NULL,NULL,NULL,_binary '___footer-title___',0,0,'RUB','http://90.156.157.222:4253/7163ebc28562b450bdd5f1f6fdd31857.jpg','','','2018-04-05 13:17:58','2018-04-05 13:17:58',22,7),(200,'Буровая лопатка VCT 5.0\" 50x100 - 80x100','289375001 ',NULL,NULL,NULL,_binary '___footer-title___',0,0,'RUB','http://90.156.157.222:4253/7163ebc28562b450bdd5f1f6fdd31857.jpg','','','2018-04-05 13:20:44','2018-04-05 13:20:44',28,7),(201,'Буровая лопатка VCT 6\" 50x100 - 80x100','289376001 ',NULL,NULL,NULL,_binary '___footer-title___',0,0,'RUB','http://90.156.157.222:4253/7163ebc28562b450bdd5f1f6fdd31857.jpg','','','2018-04-05 13:21:39','2018-04-05 13:21:39',28,7),(202,'Буровая лопатка VCT 6\" 80x100 - 100x120','289285001 ',NULL,NULL,NULL,_binary '___footer-title___',0,0,'RUB','http://90.156.157.222:4253/7163ebc28562b450bdd5f1f6fdd31857.jpg','','','2018-04-05 13:22:56','2018-04-05 13:22:56',31,7),(203,'Буровая лопатка VCTT 4.5\" 16x20 - 40x40','296255714 ',NULL,NULL,NULL,_binary '___footer-title___',0,0,'RUB','http://90.156.157.222:4253/5529b7cb08cd03212678faf143ddd3ce.jpg','','','2018-04-06 11:12:31','2018-04-06 11:12:31',22,7),(204,'КАРБИД ВЕРМЕЕРА','296255715 ',NULL,NULL,NULL,_binary '___footer-title___',0,0,'RUB','http://90.156.157.222:4253/5529b7cb08cd03212678faf143ddd3ce.jpg','','','2018-04-06 11:13:56','2018-04-06 11:13:56',26,7),(205,'КАРБИД ВЕРМЕЕРА','296255716 ',NULL,NULL,NULL,_binary '___footer-title___',0,0,'RUB','http://90.156.157.222:4253/5529b7cb08cd03212678faf143ddd3ce.jpg','','','2018-04-06 11:15:32','2018-04-06 11:15:32',26,7),(206,'Буровая лопатка VCTT 6\" 50x100 - 80x100','296255717 ',NULL,NULL,NULL,_binary '___footer-title___',0,0,'RUB','http://90.156.157.222:4253/5529b7cb08cd03212678faf143ddd3ce.jpg','','','2018-04-06 11:16:08','2018-04-06 11:16:08',28,7),(207,'Буровая лопатка VCTT 6\" 80x100 - 100x120','296255718 ',NULL,NULL,NULL,_binary '___footer-title___',0,0,'RUB','http://90.156.157.222:4253/5529b7cb08cd03212678faf143ddd3ce.jpg','','','2018-04-06 11:17:18','2018-04-06 11:17:18',31,7),(208,'Буровая лопатка VCTT 7\" 80x100 - 100x120','296255719 ',NULL,NULL,NULL,_binary '___footer-title___',0,0,'RUB','http://90.156.157.222:4253/5529b7cb08cd03212678faf143ddd3ce.jpg','','','2018-04-06 11:18:41','2018-04-06 11:18:41',32,7),(209,'ГЛАДИАТОР ХЭММ','296334312 ',NULL,NULL,NULL,_binary '___footer-title___',0,0,'RUB','http://localhost:4251/placeholder.jpg','','','2018-04-06 11:22:28','2018-04-06 11:22:28',33,7),(210,'Буровая лопатка Gladiator Mallet Bit 4\" 6х6 - 40x40','296334324 ',NULL,NULL,NULL,_binary '___footer-title___',0,0,'RUB','http://90.156.157.222:4253/a265dcdf15f799f01b9bd25ae57ac4b6.jpg','','','2018-04-06 11:23:40','2018-04-06 11:23:40',33,7),(211,'ГЛАДИАТОР УКУСИЛ A','296334356 ',NULL,NULL,NULL,_binary '___footer-title___',0,0,'RUB','http://localhost:4251/placeholder.jpg','','','2018-04-06 11:26:43','2018-04-06 11:26:43',33,7),(212,'СТАНДАРТНЫЙ РАЗРЯДНЫЙ QS','246570001 ',NULL,NULL,NULL,_binary '___footer-title___',0,0,'RUB','http://localhost:4251/placeholder.jpg','','','2018-04-06 11:29:12','2018-04-06 11:29:12',33,7),(213,'СТАНДАРТНЫЙ РАЗРЯДНЫЙ QS','246571001 ',NULL,NULL,NULL,_binary '___footer-title___',0,0,'RUB','http://localhost:4251/placeholder.jpg','','','2018-04-06 11:30:19','2018-04-06 11:30:19',33,7),(214,'Буровая лопатка Quickshot Hardfaced 3\" 6x6 - 10x15','246798001 ',NULL,NULL,NULL,_binary '___footer-title___',0,0,'RUB','http://90.156.157.222:4253/989d456a9c52c5791cc1721f87aba001.jpg','','','2018-04-06 11:31:39','2018-04-06 11:31:39',33,7),(215,'Буровая лопатка Quickshot Hardfaced 3,5\" 6x6 - 10x15','246799001 ',NULL,NULL,NULL,_binary '___footer-title___',0,0,'RUB','http://90.156.157.222:4253/989d456a9c52c5791cc1721f87aba001.jpg','','','2018-04-06 11:32:38','2018-04-06 11:32:38',33,7),(219,'QUICKSHOT УКУСИЛ 4','296255331 ',NULL,NULL,NULL,_binary '___footer-title___',0,0,'RUB','http://localhost:4251/placeholder.jpg','','','2018-04-06 11:41:24','2018-04-06 11:41:24',33,7),(220,'Буровая лопатка Quickshot 4.5\" 16x20 - 40x40','296255332',NULL,NULL,NULL,_binary '___footer-title___',0,0,'RUB','http://90.156.157.222:4253/9128af6d1fb25d9c2bcba6fb1d5826db.jpg','','','2018-04-06 11:42:29','2018-04-06 11:42:29',22,7),(221,'Буровая лопатка Hardfaced 4\" (с отв) 16x20 - 40x40','296255334 ',NULL,NULL,NULL,_binary '___footer-title___',0,-1,'RUB','http://90.156.157.222:4253/4219d513f8dee282efba77ba3b052775.jpg','','','2018-04-06 11:53:49','2018-04-06 11:53:49',22,7),(222,'Буровая лопатка Hardfaced 4,5\" (с отв) 16x20 - 40x40 (296255338)','296255335 ',NULL,NULL,NULL,_binary '___footer-title___',0,0,'RUB','http://90.156.157.222:4253/4219d513f8dee282efba77ba3b052775.jpg','','','2018-04-06 11:54:51','2018-04-06 11:54:51',22,7),(223,'Буровая лопатка Hardfaced 5\" (с отв) 16x20 - 40x40','296255336 ',NULL,NULL,NULL,_binary '___footer-title___',0,0,'RUB','http://90.156.157.222:4253/4219d513f8dee282efba77ba3b052775.jpg','','','2018-04-06 11:55:48','2018-04-06 11:55:48',22,7),(224,'Буровая лопатка Hardfaced 5\" 50x100 - 80x100','296255340 ',NULL,NULL,NULL,_binary '___footer-title___',0,0,'RUB','http://90.156.157.222:4253/3d7d05f9bfc93a40e83b68858a7de67f.jpg','','','2018-04-06 11:57:14','2018-04-06 11:57:14',28,7),(225,'Буровая лопатка Hardfaced 6\" 50x100 - 80x100','296255341 ',NULL,NULL,NULL,_binary '___footer-title___',0,0,'RUB','http://90.156.157.222:4253/3d7d05f9bfc93a40e83b68858a7de67f.jpg','','','2018-04-06 11:58:24','2018-04-06 11:58:24',28,7);
/*!40000 ALTER TABLE `products` ENABLE KEYS */;
UNLOCK TABLES;
/*!40103 SET TIME_ZONE=@OLD_TIME_ZONE */;

/*!40101 SET SQL_MODE=@OLD_SQL_MODE */;
/*!40014 SET FOREIGN_KEY_CHECKS=@OLD_FOREIGN_KEY_CHECKS */;
/*!40014 SET UNIQUE_CHECKS=@OLD_UNIQUE_CHECKS */;
/*!40101 SET CHARACTER_SET_CLIENT=@OLD_CHARACTER_SET_CLIENT */;
/*!40101 SET CHARACTER_SET_RESULTS=@OLD_CHARACTER_SET_RESULTS */;
/*!40101 SET COLLATION_CONNECTION=@OLD_COLLATION_CONNECTION */;
/*!40111 SET SQL_NOTES=@OLD_SQL_NOTES */;

-- Dump completed on 2018-11-06 16:13:28
